{
    "ilra": {
        "mean": 0,
        "std": 0
    },
    "lora": {
        "mean": 0.630812026372526,
        "std": 0.007408279514573164
    },
    "bit_fit": {
        "mean": 0.586783751625327,
        "std": 0.00682394362331002
    },
    "krona": {
        "mean": 0,
        "std": 0
    },
    "fft": {
        "mean": 0.6427125783748809,
        "std": 0.0026382999627932776
    },
    "pa": {
        "mean": 0,
        "std": 0
    }
}