{
    "ilra": {
        "mean": 0.8802133333333334,
        "std": 0.0017721612668026385
    },
    "lora": {
        "mean": 0.8771633333333334,
        "std": 0.0027689869788225705
    },
    "bit_fit": {
        "mean": 0.86891,
        "std": 0.0032342026322830556
    },
    "krona": {
        "mean": 0.87622,
        "std": 0.003532317464026514
    },
    "fft": {
        "mean": 0.88137,
        "std": 0.0019043634106965953
    },
    "pa": {
        "mean": 0.8774433333333334,
        "std": 0.002527796581126633
    }
}