{
    "dataset_name": "MRPC",
    "task_type": "NLU",
    "batch_size": 64,
    "max_length": 512,
    "num_tags": 2,
    "model_name_or_path": "../pretrained_models/roberta",
    "device": "cuda:0",
    "lr": 0.0006,
    "num_epochs": 20,
    "weight_decay": 0.01,
    "method": "bit_fit",
    "dropout": 0.1,
    "modules_to_apply": [
        "ffn1",
        "ffn2"
    ],
    "scaling_alpha": 4.0,
    "do_test": 0,
    "lora_r": 2,
    "krona_dim": 32,
    "krona_dropout": 0.1,
    "residual_connection": false,
    "consumed_time": 184.197927236557,
    "0": {
        "precision": 0.7442748091603053,
        "recall": 0.8125,
        "f1-score": 0.7768924302788844,
        "support": 240.0
    },
    "1": {
        "precision": 0.9187725631768953,
        "recall": 0.8836805555555556,
        "f1-score": 0.9008849557522124,
        "support": 576.0
    },
    "accuracy": 0.8627450980392157,
    "macro avg": {
        "precision": 0.8315236861686003,
        "recall": 0.8480902777777778,
        "f1-score": 0.8388886930155484,
        "support": 816.0
    },
    "weighted avg": {
        "precision": 0.8674496943484864,
        "recall": 0.8627450980392157,
        "f1-score": 0.8644165659071158,
        "support": 816.0
    }
}