{
    "dataset_name": "MRPC",
    "task_type": "NLU",
    "batch_size": 64,
    "max_length": 512,
    "num_tags": 2,
    "model_name_or_path": "../pretrained_models/roberta",
    "device": "cuda:0",
    "lr": 0.0007,
    "num_epochs": 20,
    "weight_decay": 0.01,
    "method": "bit_fit",
    "dropout": 0.1,
    "modules_to_apply": [
        "ffn1",
        "ffn2"
    ],
    "scaling_alpha": 4.0,
    "do_test": 0,
    "lora_r": 2,
    "krona_dim": 32,
    "krona_dropout": 0.1,
    "residual_connection": false,
    "consumed_time": 182.90551948547363,
    "0": {
        "precision": 0.7931034482758621,
        "recall": 0.7666666666666667,
        "f1-score": 0.7796610169491527,
        "support": 240.0
    },
    "1": {
        "precision": 0.9041095890410958,
        "recall": 0.9166666666666666,
        "f1-score": 0.9103448275862068,
        "support": 576.0
    },
    "accuracy": 0.8725490196078431,
    "macro avg": {
        "precision": 0.848606518658479,
        "recall": 0.8416666666666667,
        "f1-score": 0.8450029222676798,
        "support": 816.0
    },
    "weighted avg": {
        "precision": 0.8714607241101449,
        "recall": 0.8725490196078431,
        "f1-score": 0.8719084126929557,
        "support": 816.0
    }
}