{
    "dataset_name": "MRPC",
    "task_type": "NLU",
    "batch_size": 64,
    "max_length": 512,
    "num_tags": 2,
    "model_name_or_path": "../pretrained_models/roberta",
    "device": "cuda:0",
    "lr": 1e-05,
    "num_epochs": 20,
    "weight_decay": 0.01,
    "method": "fft",
    "dropout": 0.1,
    "modules_to_apply": [
        "ffn1",
        "ffn2"
    ],
    "scaling_alpha": 4.0,
    "do_test": 0,
    "lora_r": 2,
    "krona_dim": 32,
    "krona_dropout": 0.1,
    "residual_connection": false,
    "consumed_time": 251.58011555671692,
    "0": {
        "precision": 0.7803921568627451,
        "recall": 0.8291666666666667,
        "f1-score": 0.8040404040404041,
        "support": 240.0
    },
    "1": {
        "precision": 0.9269162210338681,
        "recall": 0.9027777777777778,
        "f1-score": 0.9146877748460862,
        "support": 576.0
    },
    "accuracy": 0.8811274509803921,
    "macro avg": {
        "precision": 0.8536541889483066,
        "recall": 0.8659722222222223,
        "f1-score": 0.8593640894432452,
        "support": 816.0
    },
    "weighted avg": {
        "precision": 0.8838209080423612,
        "recall": 0.8811274509803921,
        "f1-score": 0.8821444304914738,
        "support": 816.0
    }
}