{
    "dataset_name": "MRPC",
    "task_type": "NLU",
    "batch_size": 64,
    "max_length": 512,
    "num_tags": 2,
    "model_name_or_path": "../pretrained_models/roberta",
    "device": "cuda:0",
    "lr": 8e-05,
    "num_epochs": 20,
    "weight_decay": 0.01,
    "warmup_steps": 100,
    "method": "fft",
    "dropout": 0.1,
    "modules_to_apply": [
        "query",
        "value"
    ],
    "scaling_alpha": 3.0,
    "do_test": 0,
    "lora_r": 2,
    "krona_dim": 32,
    "krona_dropout": 0.1,
    "residual_connection": false,
    "consumed_time": 250.93293452262878,
    "0": {
        "precision": 0.7925311203319502,
        "recall": 0.7958333333333333,
        "f1-score": 0.7941787941787942,
        "support": 240.0
    },
    "1": {
        "precision": 0.9147826086956522,
        "recall": 0.9131944444444444,
        "f1-score": 0.9139878366637706,
        "support": 576.0
    },
    "accuracy": 0.8786764705882353,
    "macro avg": {
        "precision": 0.8536568645138012,
        "recall": 0.8545138888888888,
        "f1-score": 0.8540833154212824,
        "support": 816.0
    },
    "weighted avg": {
        "precision": 0.878826288588681,
        "recall": 0.8786764705882353,
        "f1-score": 0.8787498829917186,
        "support": 816.0
    }
}