{
    "dataset_name": "MRPC",
    "task_type": "NLU",
    "batch_size": 64,
    "max_length": 512,
    "num_tags": 2,
    "model_name_or_path": "../pretrained_models/roberta",
    "device": "cuda:0",
    "lr": 0.0008,
    "num_epochs": 20,
    "weight_decay": 0.01,
    "method": "ilra",
    "dropout": 0.1,
    "modules_to_apply": [
        "query",
        "value"
    ],
    "scaling_alpha": 3.0,
    "scale": 1.0,
    "do_test": 0,
    "lora_r": 2,
    "krona_dim": 32,
    "krona_dropout": 0.1,
    "residual_connection": false,
    "ilra_dims": {
        "0": {
            "query": 4,
            "value": 3
        },
        "1": {
            "query": 2,
            "value": 2
        },
        "2": {
            "query": 2,
            "value": 2
        },
        "3": {
            "query": 4,
            "value": 4
        },
        "4": {
            "query": 2,
            "value": 4
        },
        "5": {
            "query": 2,
            "value": 3
        },
        "6": {
            "query": 3,
            "value": 2
        },
        "7": {
            "query": 2,
            "value": 4
        },
        "8": {
            "query": 2,
            "value": 4
        },
        "9": {
            "query": 3,
            "value": 3
        },
        "10": {
            "query": 4,
            "value": 3
        },
        "11": {
            "query": 4,
            "value": 4
        }
    },
    "consumed_time": 196.17232012748718,
    "0": {
        "precision": 0.7718631178707225,
        "recall": 0.8458333333333333,
        "f1-score": 0.8071570576540755,
        "support": 240.0
    },
    "1": {
        "precision": 0.9330922242314648,
        "recall": 0.8958333333333334,
        "f1-score": 0.9140832595217007,
        "support": 576.0
    },
    "accuracy": 0.8811274509803921,
    "macro avg": {
        "precision": 0.8524776710510936,
        "recall": 0.8708333333333333,
        "f1-score": 0.8606201585878881,
        "support": 816.0
    },
    "weighted avg": {
        "precision": 0.8856718988312465,
        "recall": 0.8811274509803921,
        "f1-score": 0.882634376619458,
        "support": 816.0
    }
}