{
    "dataset_name": "MRPC",
    "task_type": "NLU",
    "batch_size": 64,
    "max_length": 512,
    "num_tags": 2,
    "model_name_or_path": "../pretrained_models/roberta",
    "device": "cuda:0",
    "lr": 0.0008,
    "num_epochs": 20,
    "weight_decay": 0.01,
    "method": "ilra",
    "dropout": 0.1,
    "modules_to_apply": [
        "query",
        "value"
    ],
    "scaling_alpha": 3.0,
    "scale": 1.0,
    "do_test": 0,
    "lora_r": 2,
    "krona_dim": 32,
    "krona_dropout": 0.1,
    "residual_connection": false,
    "ilra_dims": {
        "0": {
            "query": 4,
            "value": 3
        },
        "1": {
            "query": 2,
            "value": 2
        },
        "2": {
            "query": 2,
            "value": 2
        },
        "3": {
            "query": 4,
            "value": 4
        },
        "4": {
            "query": 2,
            "value": 4
        },
        "5": {
            "query": 2,
            "value": 3
        },
        "6": {
            "query": 3,
            "value": 2
        },
        "7": {
            "query": 2,
            "value": 4
        },
        "8": {
            "query": 2,
            "value": 4
        },
        "9": {
            "query": 3,
            "value": 3
        },
        "10": {
            "query": 4,
            "value": 3
        },
        "11": {
            "query": 4,
            "value": 4
        }
    },
    "consumed_time": 195.089026927948,
    "0": {
        "precision": 0.7755905511811023,
        "recall": 0.8208333333333333,
        "f1-score": 0.7975708502024291,
        "support": 240.0
    },
    "1": {
        "precision": 0.9234875444839857,
        "recall": 0.9010416666666666,
        "f1-score": 0.9121265377855887,
        "support": 576.0
    },
    "accuracy": 0.8774509803921569,
    "macro avg": {
        "precision": 0.849539047832544,
        "recall": 0.8609374999999999,
        "f1-score": 0.854848693994009,
        "support": 816.0
    },
    "weighted avg": {
        "precision": 0.8799884288066671,
        "recall": 0.8774509803921569,
        "f1-score": 0.8784336884964241,
        "support": 816.0
    }
}
