{
    "dataset_name": "MRPC",
    "task_type": "NLU",
    "batch_size": 64,
    "max_length": 512,
    "num_tags": 2,
    "model_name_or_path": "../pretrained_models/roberta",
    "device": "cuda:0",
    "lr": 0.0007,
    "num_epochs": 20,
    "weight_decay": 0.01,
    "method": "krona",
    "dropout": 0.1,
    "modules_to_apply": [
        "query",
        "value"
    ],
    "scaling_alpha": 32.0,
    "do_test": 0,
    "lora_r": 2,
    "krona_dim": 32,
    "krona_dropout": 0.1,
    "residual_connection": false,
    "consumed_time": 216.1189670562744,
    "0": {
        "precision": 0.7644787644787645,
        "recall": 0.825,
        "f1-score": 0.7935871743486973,
        "support": 240.0
    },
    "1": {
        "precision": 0.9245960502692998,
        "recall": 0.8940972222222222,
        "f1-score": 0.9090909090909092,
        "support": 576.0
    },
    "accuracy": 0.8737745098039216,
    "macro avg": {
        "precision": 0.8445374073740322,
        "recall": 0.859548611111111,
        "f1-score": 0.8513390417198032,
        "support": 816.0
    },
    "weighted avg": {
        "precision": 0.8775027309191423,
        "recall": 0.8737745098039216,
        "f1-score": 0.8751192224020234,
        "support": 816.0
    }
}