{
    "dataset_name": "MRPC",
    "task_type": "NLU",
    "batch_size": 64,
    "max_length": 512,
    "num_tags": 2,
    "model_name_or_path": "../pretrained_models/roberta",
    "device": "cuda:0",
    "lr": 0.0008,
    "num_epochs": 20,
    "weight_decay": 0.01,
    "method": "lora",
    "dropout": 0.1,
    "modules_to_apply": [
        "query",
        "value"
    ],
    "scaling_alpha": 3.0,
    "scale": 1.0,
    "do_test": 0,
    "lora_r": 3,
    "krona_dim": 32,
    "krona_dropout": 0.1,
    "residual_connection": false,
    "consumed_time": 191.62686324119568,
    "0": {
        "precision": 0.7509157509157509,
        "recall": 0.8541666666666666,
        "f1-score": 0.7992202729044834,
        "support": 240.0
    },
    "1": {
        "precision": 0.9355432780847146,
        "recall": 0.8819444444444444,
        "f1-score": 0.9079535299374442,
        "support": 576.0
    },
    "accuracy": 0.8737745098039216,
    "macro avg": {
        "precision": 0.8432295145002328,
        "recall": 0.8680555555555556,
        "f1-score": 0.8535869014209638,
        "support": 816.0
    },
    "weighted avg": {
        "precision": 0.8812410642114901,
        "recall": 0.8737745098039216,
        "f1-score": 0.8759731602218674,
        "support": 816.0
    }
}