{
    "dataset_name": "MRPC",
    "task_type": "NLU",
    "batch_size": 64,
    "max_length": 512,
    "num_tags": 2,
    "model_name_or_path": "../pretrained_models/roberta",
    "device": "cuda:0",
    "lr": 0.0006,
    "num_epochs": 20,
    "weight_decay": 0.01,
    "method": "pa",
    "dropout": 0.1,
    "modules_to_apply": [
        "query",
        "value"
    ],
    "scaling_alpha": 2.0,
    "scale": 1.0,
    "do_test": 0,
    "lora_r": 3,
    "krona_dim": 2,
    "krona_dropout": 0.1,
    "residual_connection": false,
    "consumed_time": 215.31079173088074,
    "0": {
        "precision": 0.808695652173913,
        "recall": 0.775,
        "f1-score": 0.7914893617021276,
        "support": 240.0
    },
    "1": {
        "precision": 0.9078498293515358,
        "recall": 0.9236111111111112,
        "f1-score": 0.9156626506024097,
        "support": 576.0
    },
    "accuracy": 0.8799019607843137,
    "macro avg": {
        "precision": 0.8582727407627244,
        "recall": 0.8493055555555555,
        "f1-score": 0.8535760061522686,
        "support": 816.0
    },
    "weighted avg": {
        "precision": 0.8786868360639997,
        "recall": 0.8799019607843137,
        "f1-score": 0.8791410950435031,
        "support": 816.0
    }
}