{
    "scaling": false,
    "dataset_name": "MRPC",
    "task_type": "NLU",
    "batch_size": 64,
    "max_length": 512,
    "num_tags": 2,
    "model_name_or_path": "../pretrained_models/roberta",
    "device": "cuda:0",
    "lr": 0.0006,
    "num_epochs": 20,
    "weight_decay": 0.01,
    "warmup_steps": 100,
    "method": "ilra",
    "dropout": 0.1,
    "modules_to_apply": [
        "query",
        "value"
    ],
    "scaling_alpha": 3.0,
    "do_test": 0,
    "lora_r": 2,
    "krona_dim": 32,
    "krona_dropout": 0.1,
    "residual_connection": true,
    "ilra_dims": {
        "0": {
            "query": 4,
            "value": 3
        },
        "1": {
            "query": 2,
            "value": 2
        },
        "2": {
            "query": 2,
            "value": 2
        },
        "3": {
            "query": 4,
            "value": 4
        },
        "4": {
            "query": 2,
            "value": 4
        },
        "5": {
            "query": 2,
            "value": 3
        },
        "6": {
            "query": 3,
            "value": 2
        },
        "7": {
            "query": 2,
            "value": 4
        },
        "8": {
            "query": 2,
            "value": 4
        },
        "9": {
            "query": 3,
            "value": 3
        },
        "10": {
            "query": 4,
            "value": 3
        },
        "11": {
            "query": 4,
            "value": 4
        }
    },
    "consumed_time": 220.60475301742554,
    "0": {
        "precision": 0.8088888888888889,
        "recall": 0.7583333333333333,
        "f1-score": 0.7827956989247312,
        "support": 240.0
    },
    "1": {
        "precision": 0.9018612521150592,
        "recall": 0.9253472222222222,
        "f1-score": 0.9134532990574121,
        "support": 576.0
    },
    "accuracy": 0.8762254901960784,
    "macro avg": {
        "precision": 0.855375070501974,
        "recall": 0.8418402777777778,
        "f1-score": 0.8481244989910717,
        "support": 816.0
    },
    "weighted avg": {
        "precision": 0.8745164394014796,
        "recall": 0.8762254901960784,
        "f1-score": 0.8750245931360353,
        "support": 816.0
    }
}
