{
    "dataset_name": "MRPC",
    "task_type": "NLU",
    "batch_size": 64,
    "max_length": 512,
    "num_tags": 2,
    "model_name_or_path": "../pretrained_models/roberta",
    "device": "cuda:0",
    "lr": 0.0007,
    "num_epochs": 20,
    "weight_decay": 0.01,
    "warmup_steps": 100,
    "method": "ilra",
    "dropout": 0.1,
    "modules_to_apply": [
        "ffn1",
        "ffn2"
    ],
    "scaling_alpha": 3.0,
    "do_test": 0,
    "lora_r": 2,
    "krona_dim": 32,
    "krona_dropout": 0.1,
    "residual_connection": true,
    "ilra_dims": {
        "0": {
            "ffn1": 3,
            "ffn2": 3
        },
        "1": {
            "ffn1": 2,
            "ffn2": 3
        },
        "2": {
            "ffn1": 3,
            "ffn2": 3
        },
        "3": {
            "ffn1": 3,
            "ffn2": 3
        },
        "4": {
            "ffn1": 6,
            "ffn2": 4
        },
        "5": {
            "ffn1": 4,
            "ffn2": 4
        },
        "6": {
            "ffn1": 2,
            "ffn2": 4
        },
        "7": {
            "ffn1": 4,
            "ffn2": 4
        },
        "8": {
            "ffn1": 3,
            "ffn2": 6
        },
        "9": {
            "ffn1": 4,
            "ffn2": 4
        },
        "10": {
            "ffn1": 3,
            "ffn2": 6
        },
        "11": {
            "ffn1": 2,
            "ffn2": 6
        }
    },
    "consumed_time": 306.1006498336792,
    "0": {
        "precision": 0.7791164658634538,
        "recall": 0.8083333333333333,
        "f1-score": 0.7934560327198363,
        "support": 240.0
    },
    "1": {
        "precision": 0.9188712522045855,
        "recall": 0.9045138888888888,
        "f1-score": 0.9116360454943132,
        "support": 576.0
    },
    "accuracy": 0.8762254901960784,
    "macro avg": {
        "precision": 0.8489938590340197,
        "recall": 0.8564236111111111,
        "f1-score": 0.8525460391070747,
        "support": 816.0
    },
    "weighted avg": {
        "precision": 0.8777669032807234,
        "recall": 0.8762254901960784,
        "f1-score": 0.8768772182077024,
        "support": 816.0
    }
}