{
    "dataset_name": "MRPC",
    "task_type": "NLU",
    "batch_size": 64,
    "max_length": 512,
    "num_tags": 2,
    "model_name_or_path": "../pretrained_models/roberta",
    "device": "cuda:0",
    "lr": 0.0007,
    "num_epochs": 20,
    "weight_decay": 0.01,
    "warmup_steps": 100,
    "method": "krona",
    "dropout": 0.1,
    "modules_to_apply": [
        "query",
        "value"
    ],
    "scaling_alpha": 32.0,
    "do_test": 0,
    "lora_r": 2,
    "krona_dim": 32,
    "krona_dropout": 0.1,
    "residual_connection": false,
    "consumed_time": 218.53759908676147,
    "0": {
        "precision": 0.7833333333333333,
        "recall": 0.7833333333333333,
        "f1-score": 0.7833333333333333,
        "support": 240.0
    },
    "1": {
        "precision": 0.9097222222222222,
        "recall": 0.9097222222222222,
        "f1-score": 0.9097222222222222,
        "support": 576.0
    },
    "accuracy": 0.8725490196078431,
    "macro avg": {
        "precision": 0.8465277777777778,
        "recall": 0.8465277777777778,
        "f1-score": 0.8465277777777778,
        "support": 816.0
    },
    "weighted avg": {
        "precision": 0.8725490196078431,
        "recall": 0.8725490196078431,
        "f1-score": 0.8725490196078431,
        "support": 816.0
    }
}